time,flux
9999.0,0.9986323441377719
0.0200133422281521,1.0004590709117973
0.0400266844563042,0.9990191276365142
0.06004002668445631,0.9993116769977688
0.0800533689126084,1.0006751785799237
0.1000667111407605,0.9992854405369431
0.12008005336891261,0.9982602047920226
0.1400933955970647,1.0010921071203378
0.1601067378252168,0.9993442238079746
0.1801200800533689,0.9982042284486314
0.200133422281521,0.9992631332097892
0.2201467645096731,1.0003557911502077
0.24016010673782523,1.0004455615293466
0.2601734489659773,1.000263513206279
0.2801867911941294,0.9994964227373172
0.3002001334222815,0.9993961015645684
0.3202134756504336,1.0014632441595483
0.3402268178785857,1.0000770885773604
0.3602401601067378,0.9984663180557757
0.3802535023348899,1.0005510486190408
0.400266844563042,0.999019102357447
0.4202801867911941,0.9997365388502424
0.4402935290193462,0.9999918660562803
0.4603068712474983,0.9999843183813976
0.48032021347565046,0.9999895371420465
0.5003335557038026,0.9989767380059803
0.5203468979319547,0.9995493905829763
0.5403602401601068,1.001086360065473
0.5603735823882589,1.0011286096087344
0.580386924616411,1.0000341981393404
0.600400266844563,0.9991855519322805
0.6204136090727151,0.9995785114333829
0.6404269513008672,1.0000155269239945
0.6604402935290193,0.9985531221161827
0.6804536357571714,1.0006892809991392
0.7004669779853235,0.9997812444587946
0.7204803202134756,0.9999513946237951
0.7404936624416277,1.0003349984563519
0.7605070046697798,1.0002380258608061
0.7805203468979319,0.9999018443873426
0.800533689126084,1.0006494505680508
0.8205470313542361,1.0000927075989925
0.8405603735823882,0.9999373250716106
0.8605737158105403,0.9991445109712606
0.8805870580386924,1.0001601970667595
0.9006004002668445,1.0003911404015189
0.9206137424949966,1.0004954552941938
0.9406270847231487,0.999340953803228
0.9606404269513009,0.9999655729613435
0.980653769179453,0.9998032379180446
1.0006671114076051,1.0003729848297833
1.0206804536357572,0.9995895587119801
1.0406937958639093,1.0003579788535557
1.0607071380920614,1.0009553231634842
1.0807204803202135,1.0007012348417226
1.1007338225483656,1.000765017703466
1.1207471647765177,1.0008846283777557
1.1407605070046698,0.9999887999771097
1.160773849232822,1.0010211260256487
1.180787191460974,1.0000844752127203
1.200800533689126,1.0007070373805453
1.2208138759172782,0.998910619972881
1.2408272181454303,0.9983989091659996
1.2608405603735824,1.000330290570488
1.2808539026017345,0.9992271849746002
1.3008672448298866,0.999671322034395
1.3208805870580387,1.000633113292579
1.3408939292861908,1.0002265259709069
1.3609072715143429,1.0003827358386206
1.380920613742495,0.9987631258943431
1.400933955970647,0.9994823790793879
1.4209472981987992,1.0007510248045965
1.4409606404269513,1.0000112098317953
1.4609739826551034,0.9992153377701943
1.4809873248832555,0.9999699091820157
1.5010006671114076,1.0003478628459668
1.5210140093395597,1.0003252600773234
1.5410273515677118,1.0004047388069275
1.5610406937958639,0.9995903610208013
1.581054036024016,0.9993039658163464
1.601067378252168,1.0006768879761032
1.6210807204803201,0.9989096588089774
1.6410940627084722,1.0014420088359361
1.6611074049366243,1.000098241016798
1.6811207471647764,0.99849682962693
1.7011340893929285,0.9991982183950138
1.7211474316210806,0.9994476611000516
1.7411607738492327,0.9991399030742404
1.7611741160773848,1.000464003742302
1.781187458305537,1.001536958652498
1.801200800533689,1.0001351872506827
1.8212141427618411,1.001866947261321
1.8412274849899932,0.9994313421458763
1.8612408272181453,0.9998399565049518
1.8812541694462974,1.0001218176900555
1.9012675116744495,0.9991957370338913
1.9212808539026018,1.0012000273156687
1.941294196130754,1.000324920564992
1.961307538358906,1.000417059358035
1.9813208805870581,1.0003192924040676
2.0013342228152102,1.0001824557172625
2.0213475650433623,0.9989517222072963
2.0413609072715144,0.978741546134945
2.0613742494996665,0.9769841797492915
2.0813875917278186,0.9757795312078443
2.1014009339559707,0.9751276005106032
2.121414276184123,0.9750283876575682
2.141427618412275,0.9754818926487393
2.161440960640427,0.9764881154841165
2.181454302868579,0.9780470561636999
2.201467645096731,1.0000462876417682
2.2214809873248833,0.9996995241306792
2.2414943295530354,0.9995084581726573
2.2615076717811875,1.0000659627830868
2.2815210140093396,0.9999535137691629
2.3015343562374917,1.0007736960588842
2.321547698465644,0.9998679523328405
2.341561040693796,1.0006409246663432
2.361574382921948,1.000973853319563
2.3815877251501,0.9993004385723917
2.401601067378252,0.9983241627107026
2.4216144096064043,0.9992810078055817
2.4416277518345564,0.9991778450410501
2.4616410940627085,1.0002015117546592
2.4816544362908606,1.0030366366807626
2.5016677785190127,1.0004682898082131
2.5216811207471648,0.999138431669245
2.541694462975317,1.0002461750384466
2.561707805203469,1.0002668608248872
2.581721147431621,0.99919684421932
2.601734489659773,0.9998051756691846
2.6217478318879253,1.000314908855756
2.6417611741160774,0.9998862345350565
2.6617745163442295,1.001078074458626
2.6817878585723816,1.0006798886046089
2.7018012008005337,1.0006858723778933
2.7218145430286858,1.0005393525757267
2.741827885256838,0.9994813729264928
2.76184122748499,1.0005597323081745
2.781854569713142,0.9997003246895738
2.801867911941294,0.9984043614975812
2.8218812541694462,0.9987918475363639
2.8418945963975983,0.9998854027917603
2.8619079386257504,0.999544914701881
2.8819212808539025,0.9999918397435917
2.9019346230820546,1.000326336745461
2.9219479653102067,1.0001114474346462
2.941961307538359,0.9992866870603216
2.961974649766511,0.9995851062801782
2.981987991994663,0.9990839357872484
3.002001334222815,0.9994989864566977
3.022014676450967,1.00004451435643
3.0420280186791193,1.0004725657875027
3.0620413609072714,0.9992990263447343
3.0820547031354235,1.0011278884735826
3.1020680453635756,0.999955364444032
3.1220813875917277,0.998892578262139
3.14209472981988,1.0004104420312279
3.162108072048032,0.9999741886512615
3.182121414276184,1.0000708678533317
3.202134756504336,0.9992393994429041
3.222148098732488,1.002040825640296
3.2421614409606403,0.999778321570836
3.2621747831887924,0.9994394349643727
3.2821881254169445,0.9993299379602585
3.3022014676450966,0.9999432683113394
3.3222148098732487,1.000818394637019
3.342228152101401,0.9990914926216538
3.362241494329553,1.0000275222394022
3.382254836557705,1.0005067352854
3.402268178785857,0.9996869744873595
3.422281521014009,1.0001133865133793
3.4422948632421613,1.0004660407780561
3.4623082054703134,1.0000032218673394
3.4823215476984655,1.0003000394073358
3.5023348899266176,1.0008129829934407
3.5223482321547697,0.999849507366229
3.5423615743829218,1.0002415378292222
3.562374916611074,1.0001206050633358
3.582388258839226,0.9997646589464682
3.602401601067378,0.9998150270387253
3.62241494329553,1.0017605332174617
3.6424282855236823,1.0001034173002032
3.6624416277518343,0.9990441974570529
3.6824549699799864,1.000838127897945
3.7024683122081385,1.0004524413764855
3.7224816544362906,1.0001123404674006
3.7424949966644427,0.999126848024689
3.762508338892595,0.9990987176064129
3.782521681120747,1.0000368888286013
3.802535023348899,0.9999663890728505
3.822548365577051,1.000106907281261
3.8425617078052037,0.9996161548091504
3.8625750500333558,0.9998161060143581
3.882588392261508,1.001283066397147
3.90260173448966,0.9990742399356218
3.922615076717812,0.9995972856111711
3.942628418945964,1.0000143967283819
3.9626417611741163,1.0001381219431738
3.9826551034022684,1.0002102351419495
4.0026684456304205,1.0001207365463707
4.0226817878585726,1.0013113901698325
4.042695130086725,1.0002003135135982
4.062708472314877,0.9994246489314714
4.082721814543029,0.9992265100107743
4.102735156771181,0.9997657545473961
4.122748498999333,1.0000414403463118
4.142761841227485,0.9990979666304001
4.162775183455637,1.0007432247220087
4.182788525683789,0.9990490208414388
4.202801867911941,1.0006330934026242
4.2228152101400935,1.0014450686634861
4.242828552368246,1.0000866157400403
4.262841894596398,0.9998879756976331
4.28285523682455,1.0003384980534202
4.302868579052702,0.9991304092007579
4.322881921280854,1.0003841134518399
4.342895263509006,0.9998293780719271
4.362908605737158,1.0002525763623547
4.38292194796531,0.9990146177956983
4.402935290193462,1.000650806598944
4.4229486324216145,0.9996274377264782
4.442961974649767,1.000072240651576
4.462975316877919,1.0008498223376265
4.482988659106071,0.9990567423284015
4.503002001334223,0.9991607276731925
4.523015343562375,1.000954740722182
4.543028685790527,0.9999986366205619
4.563042028018679,0.9995012670384873
4.583055370246831,1.0020868189946945
4.603068712474983,0.999784816960152
4.6230820547031355,0.9989775819547018
4.643095396931288,1.0004303760304998
4.66310873915944,1.0003294883971015
4.683122081387592,0.9989366065945708
4.703135423615744,0.9998104222387615
4.723148765843896,0.9991551699593145
4.743162108072048,1.0005688906794796
4.7631754503002,1.0001768333520071
4.783188792528352,1.0011640371250188
4.803202134756504,1.0016825189901866
4.8232154769846565,0.9991825858162822
4.843228819212809,1.0000578284107258
4.863242161440961,1.0007555393808258
4.883255503669113,0.9985256737391386
4.903268845897265,1.0005168915025207
4.923282188125417,1.0003318533126668
4.943295530353569,1.0006905663467782
4.963308872581721,1.000381967778938
4.983322214809873,0.999968274928519
5.003335557038025,1.0012701029190272
5.0233488992661774,1.000249386443465
5.0433622414943295,1.000384535131534
5.063375583722482,1.0009092146320493
5.083388925950634,0.9998878936003965
5.103402268178786,1.0005203394439328
5.123415610406938,0.9982465920468683
5.14342895263509,1.0006307987473657
5.163442294863242,1.000493095442865
5.183455637091394,0.9998560976915215
5.203468979319546,1.0010563005564652
5.223482321547698,0.9991459189092688
5.2434956637758505,1.0000653899435352
5.263509006004003,0.9994193340873023
5.283522348232155,0.9993971459164682
5.303535690460307,0.9994720273768838
5.323549032688459,0.9996050704495717
5.343562374916611,1.0002624145682186
5.363575717144763,0.9991676451154483
5.383589059372915,1.000644792883729
5.403602401601067,1.000347185855546
5.423615743829219,1.000438455299218
5.4436290860573715,0.9999530535088217
5.463642428285524,0.999886454290062
5.483655770513676,1.0001471544043439
5.503669112741828,0.9998263168660221
5.52368245496998,0.9993657124043377
5.543695797198132,0.9994525663633519
5.563709139426284,0.9998925445299544
5.583722481654436,0.9987650554727958
5.603735823882588,0.9997510868911286
5.62374916611074,0.9995265885761133
5.6437625083388925,1.0007706173860713
5.663775850567045,0.9996527504580044
5.683789192795197,0.9996301792698009
5.703802535023349,1.0012803478955414
5.723815877251501,0.9997663672516565
5.743829219479653,0.9999992652216301
5.763842561707805,1.0004155745480072
5.783855903935957,0.9994002940699805
5.803869246164109,0.9994978064519131
5.823882588392261,0.9978328784668532
5.8438959306204135,1.0011038397959762
5.863909272848566,0.9998484087061652
5.883922615076718,1.0004981030211613
5.90393595730487,0.9991710193711737
5.923949299533022,1.0012892575613446
5.943962641761174,1.0007882179648317
5.963975983989326,0.9992471212666096
5.983989326217478,1.0002312741813344
6.00400266844563,0.9996277130927707
6.024016010673782,0.9994993744348849
6.044029352901934,1.0003779876400876
6.0640426951300865,0.999565755219383
6.084056037358239,1.0017145948553332
6.104069379586391,0.9988114884268549
6.124082721814543,1.0006648448532225
6.144096064042695,0.999591296475999
6.164109406270847,0.9997894627532788
6.184122748498999,1.000170081163818
6.204136090727151,0.9983051936492715
6.224149432955303,0.9999983060052036
6.244162775183455,0.998518860263341
6.2641761174116075,0.9795072709346692
6.28418945963976,0.9775514788429458
6.304202801867912,0.9761484045954285
6.324216144096064,0.9752980481921173
6.344229486324216,0.9750004096330123
6.364242828552368,0.9752554889181134
6.38425617078052,0.9760632860474207
6.404269513008672,0.977423801020934
6.424282855236824,0.9793370338386536
6.444296197464976,0.9999759029832841
6.4643095396931285,0.9983203625210088
6.484322881921281,1.0007876414961707
6.504336224149433,0.9989804106631096
6.524349566377585,0.998548093040686
6.544362908605737,0.9998388150896251
6.564376250833889,1.000836171804026
6.584389593062041,0.9994782564524463
6.604402935290193,0.9993124153210949
6.624416277518345,0.9999836224851124
6.644429619746497,1.0001035899465633
6.6644429619746495,1.0005944309774593
6.684456304202802,0.9995652878356074
6.704469646430954,0.9987344065923248
6.724482988659106,1.0014230448786974
6.744496330887258,0.9995042102608458
6.76450967311541,1.000445731319783
6.784523015343562,1.0000076946707679
6.804536357571714,0.9999781025856549
6.824549699799866,1.0001144211232438
6.844563042028018,1.0000334925113215
6.8645763842561704,0.9995150147450365
6.8845897264843225,0.9996414897795793
6.904603068712475,1.000503130948559
6.924616410940627,0.9995179742250005
6.944629753168779,1.0008314852024984
6.964643095396931,0.9997798216234594
6.984656437625083,1.0003052532399286
7.004669779853235,1.0001749449876776
7.024683122081387,0.9989735000333928
7.044696464309539,0.9993578176582072
7.064709806537691,0.9985999143849104
7.0847231487658435,0.9997757734774185
7.104736490993996,0.9992664335295203
7.124749833222148,1.0005520607063396
7.1447631754503,1.000805575729718
7.164776517678452,0.9997671481432199
7.184789859906604,1.0000791552093105
7.204803202134756,1.0012646726608658
7.224816544362908,0.9990297573535458
7.24482988659106,1.0005977619832593
7.264843228819212,0.9984815665341427
7.2848565710473645,1.001886927772818
7.304869913275517,0.9994160416113294
7.324883255503669,1.0013006875779147
7.344896597731821,1.0008401892539205
7.364909939959973,1.0012881377882226
7.384923282188125,1.0006582602619665
7.404936624416277,0.9992617291643103
7.424949966644429,1.0005565987480458
7.444963308872581,1.000068321218082
7.464976651100733,0.9987671058507895
7.4849899933288855,0.9997562633596397
7.505003335557038,1.001416252633628
7.52501667778519,1.001608472099427
7.545030020013342,1.00101193486216
7.565043362241494,1.000319655624893
7.585056704469646,0.9980209753029404
7.605070046697798,1.0008997803472934
7.62508338892595,1.0006242938532404
7.645096731154102,0.9999890197265493
7.665110073382254,0.9991685941963441
7.685123415610407,1.0011421613303524
7.7051367578385594,1.0000567732511458
7.7251501000667115,0.9993221964269718
7.745163442294864,1.000759362745597
7.765176784523016,1.0002338580267505
7.785190126751168,1.0006452937898866
7.80520346897932,1.000443927544071
7.825216811207472,1.0001862214808228
7.845230153435624,1.0005399673262498
7.865243495663776,0.9979389001330278
7.885256837891928,1.0010194344875945
7.90527018012008,0.9990185962052194
7.9252835223482325,0.9999810883274224
7.945296864576385,1.0007170492138096
7.965310206804537,0.9986290238368276
7.985323549032689,0.9987807399938975
8.005336891260841,0.9988046835841362
8.025350233488993,1.0012654946448667
8.045363575717145,1.0010643918392697
8.065376917945297,0.9989462469212028
8.08539026017345,1.0003308050842434
8.105403602401601,1.0005398824158573
8.125416944629754,1.001676060385839
8.145430286857906,1.0008964577436767
8.165443629086058,1.000383332515587
8.18545697131421,0.9989676256753469
8.205470313542362,1.0013944461520046
8.225483655770514,0.9993514527172387
8.245496997998666,1.0004326477963121
8.265510340226818,0.9998675990927883
8.28552368245497,0.998744305657247
8.305537024683122,0.9994420708048514
8.325550366911274,0.9997067490985151
8.345563709139427,0.9988924113489357
8.365577051367579,0.9995754361081087
8.38559039359573,0.999400407686729
8.405603735823883,0.9999423134877596
8.425617078052035,1.0000544255456887
8.445630420280187,1.0005742236263282
8.46564376250834,0.9983383416675015
8.485657104736491,1.000454162974773
8.505670446964643,1.0013984840850791
8.525683789192795,1.000609647324673
8.545697131420948,1.0019311521900023
8.5657104736491,0.9993251636600217
8.585723815877252,1.0004575360697572
8.605737158105404,0.9996716873741476
8.625750500333556,1.000652392385374
8.645763842561708,1.0004050659827357
8.66577718478986,0.9988392368426219
8.685790527018012,0.999944378924341
8.705803869246164,0.9989046463686045
8.725817211474316,1.000561767729836
8.745830553702469,1.0006887854270783
8.76584389593062,1.0010106392199185
8.785857238158773,1.0007934604093147
8.805870580386925,0.9997596983343089
8.825883922615077,1.000521258114413
8.845897264843229,0.9998329156163935
8.865910607071381,0.999207039179094
8.885923949299533,0.9986834686559932
8.905937291527685,0.9994746064249395
8.925950633755837,1.001194829098465
8.94596397598399,0.9995326761145995
8.965977318212142,0.9995157649398515
8.985990660440294,1.000777038371292
9.006004002668446,0.9996895591498868
9.026017344896598,1.0001766455481778
9.04603068712475,0.9988349264366717
9.066044029352902,0.9991560283677577
9.086057371581054,1.0004955370573148
9.106070713809206,1.0020374912774288
9.126084056037358,1.0004833230747998
9.14609739826551,1.0002563919565708
9.166110740493663,1.000978952491289
9.186124082721815,0.9988672686339707
9.206137424949967,0.9998118811641882
9.226150767178119,1.0007123558851994
9.246164109406271,1.0005892626925206
9.266177451634423,0.999284907608833
9.286190793862575,0.9999349492499716
9.306204136090727,0.9999682811524724
9.32621747831888,1.00113631240421
9.346230820547031,0.9999601477550736
9.366244162775184,1.0003298277614026
9.386257505003336,0.9995749385054191
9.406270847231488,0.9984816659024893
9.42628418945964,1.0005177038157675
9.446297531687792,1.0001091968287208
9.466310873915944,0.9987807974822516
9.486324216144096,1.0005802049010903
9.506337558372248,1.000825978776498
9.5263509006004,0.9981153253530234
9.546364242828552,0.9986397622670887
9.566377585056705,0.9994942183314027
9.586390927284857,1.0000565023596681
9.606404269513009,1.000306738507684
9.62641761174116,1.001927930117267
9.646430953969313,1.0010705025657758
9.666444296197465,1.0013512222647665
9.686457638425617,0.9993430978491709
9.70647098065377,1.0003933969063707
9.726484322881921,0.9991580999728299
9.746497665110073,1.001139108492464
9.766511007338226,0.9999810356405243
9.786524349566378,0.9983899648803276
9.80653769179453,0.9987130198093035
9.826551034022682,0.9997550591393605
9.846564376250834,0.998679161393512
9.866577718478986,1.0004874027075186
9.886591060707138,1.000875289658983
9.90660440293529,0.999301999836118
9.926617745163442,1.0003853468521768
9.946631087391594,0.9996239521257314
9.966644429619747,1.0005591093567001
9.986657771847899,1.0003185112286745
10.00667111407605,0.9985656772416213
10.026684456304203,0.9987171131087419
10.046697798532355,1.0000807030579666
10.066711140760507,0.9987797825496918
10.086724482988659,1.0004792762084795
10.106737825216811,0.9995561623368192
10.126751167444963,0.9998643747552987
10.146764509673115,1.0010513557758018
10.166777851901267,0.9995382484101103
10.18679119412942,1.000172736212204
10.206804536357572,1.0002562023506958
10.226817878585724,0.9998753529513241
10.246831220813876,0.9997653012275963
10.266844563042028,0.9997545854871843
10.28685790527018,0.9988378617338977
10.306871247498332,0.9988655560688894
10.326884589726484,1.0020947338227864
10.346897931954636,1.0003962528528163
10.366911274182788,0.9995611859179624
10.38692461641094,1.0004865864615418
10.406937958639093,0.9994745034091157
10.426951300867245,0.9988483517778042
10.446964643095397,1.0004892272829562
10.466977985323549,1.0011046393339242
10.486991327551701,0.9998478107697277
10.507004669779853,0.9781900127650791
10.527018012008005,0.9765885128114918
10.547031354236157,0.9755397307021106
10.56704469646431,0.9750436664369355
10.587058038692462,0.9751003200159667
10.607071380920614,0.9757096914392039
10.627084723148766,0.9768717807066474
10.647098065376918,0.9785865878182967
10.66711140760507,0.9999856007298152
10.687124749833222,1.000698594383734
10.707138092061374,0.9996019939648063
10.727151434289526,0.999780405862787
10.747164776517678,0.9996045968458568
10.76717811874583,0.9994383699644583
10.787191460973983,0.9976084436745745
10.807204803202135,0.9994924882696549
10.827218145430287,1.0001785978661082
10.847231487658439,1.0011099001869186
10.867244829886591,0.9994971767956863
10.887258172114743,0.9993122258673435
10.907271514342895,0.9998146767704038
10.927284856571047,1.000011483717872
10.9472981987992,0.9987685375099914
10.967311541027351,1.000794320346579
10.987324883255503,0.9995508075046113
11.007338225483656,0.9980173333252327
11.027351567711808,0.9986893033679707
11.04736490993996,1.000045906508722
11.067378252168112,0.999141825691397
11.087391594396264,1.0014746238496353
11.107404936624416,0.9995425546330251
11.127418278852568,0.9986668186993296
11.14743162108072,0.9995550618366137
11.167444963308872,1.0009286197442948
11.187458305537024,1.0001385357779164
11.207471647765177,1.0005238330840045
11.227484989993329,1.0000351550640914
11.24749833222148,0.99866336739064
11.267511674449633,0.9984802932184054
11.287525016677785,1.0003181706929112
11.307538358905937,1.0007784712533456
11.32755170113409,0.9996209433413652
11.347565043362241,0.9994126700811216
11.367578385590393,0.9987343649010509
11.387591727818545,0.9995930441730386
11.407605070046698,0.9994166052733332
11.42761841227485,1.000709384680419
11.447631754503002,0.9997501783774926
11.467645096731154,0.9994285328795172
11.487658438959306,1.0015037290430246
11.507671781187458,0.9995154210271284
11.52768512341561,1.0008807913405147
11.547698465643762,1.0011293854943362
11.567711807871914,1.0004027096052452
11.587725150100066,1.0009673489467994
11.607738492328219,0.9993245972910015
11.62775183455637,0.9992600513775548
11.647765176784523,1.0007704872146073
11.667778519012675,0.9990495556820986
11.687791861240827,0.998897289317137
11.707805203468979,0.9998427977882572
11.727818545697131,0.9996908076642212
11.747831887925283,0.9989205420812979
11.767845230153435,0.99917711708688
11.787858572381587,1.0007252308907966
11.80787191460974,0.9993045886509049
11.827885256837892,0.9995700691341644
11.847898599066044,1.000467790307321
11.867911941294196,0.9996466990686751
11.887925283522348,1.0004211931035527
11.9079386257505,0.9980793038447816
11.927951967978652,1.0007947463728561
11.947965310206804,1.0004963818986383
11.967978652434956,1.0002019726807447
11.987991994663108,0.9997599417521618
12.00800533689126,0.9994104852383182
12.028018679119413,0.9998728877726136
12.048032021347565,0.9995760308307996
12.068045363575717,1.0004136553946705
12.088058705803869,1.00072905863645
12.108072048032021,0.9999015325174808
12.128085390260173,1.0009149852056616
12.148098732488325,0.9997272232564207
12.168112074716477,1.0003804699493133
12.18812541694463,1.0011082117668406
12.208138759172781,0.9998501463773288
12.228152101400934,0.9997147794301736
12.248165443629086,1.000218632815448
12.268178785857238,0.999605747439203
12.28819212808539,1.0008345099123948
12.308205470313542,0.9988486861403181
12.328218812541694,1.0005476188048714
12.348232154769846,1.0004427776648772
12.368245496997998,0.9993261513842927
12.38825883922615,1.0002209697076576
12.408272181454302,1.0001840338017376
12.428285523682455,0.9994392683404077
12.448298865910607,1.0010506998465902
12.468312208138759,0.9990108538634209
12.48832555036691,0.999623652939204
12.508338892595063,1.0000217670037563
12.528352234823215,1.0011875136691748
12.548365577051367,1.0008244568004627
12.56837891927952,0.9997448126774473
12.588392261507671,0.9998308124308125
12.608405603735823,0.999487035885959
12.628418945963976,1.0006112023919054
12.648432288192128,0.9993616593086473
12.66844563042028,1.0000571093083062
12.688458972648432,1.0013323663331242
12.708472314876584,1.000508460812825
12.728485657104736,0.9993155737569492
12.748498999332888,1.0003819800309162
12.76851234156104,1.0018519114119937
12.788525683789192,1.000419742010401
12.808539026017344,1.0011667800116109
12.828552368245496,0.9989250738370804
12.848565710473649,0.9994171247909405
12.8685790527018,1.000221466295382
12.888592394929953,0.999277227702282
12.908605737158105,1.0010255043065548
12.928619079386257,0.998878405118456
12.948632421614409,1.0005596864077035
12.968645763842561,0.9996260516167293
12.988659106070713,1.0001894840664254
13.008672448298865,1.0003505412698506
13.028685790527017,0.9995596853945986
13.04869913275517,0.9993298841382484
13.068712474983322,0.9992858416171443
13.088725817211474,0.9995099325911702
13.108739159439626,1.0000986597403823
13.128752501667778,0.9990934907397061
13.14876584389593,1.0007556281122532
13.168779186124082,1.0002027346778908
13.188792528352234,0.9991133928283872
13.208805870580386,0.9999156724069203
13.228819212808538,0.9990121016725724
13.24883255503669,0.9993161188273069
13.268845897264843,0.9992457843392399
13.288859239492995,1.000695923302398
13.308872581721147,0.9985987231851866
13.328885923949299,1.0006817505960177
13.348899266177451,1.000753746168326
13.368912608405603,1.0002893250851506
13.388925950633755,0.9983809519974476
13.408939292861907,1.0006109913643586
13.42895263509006,0.9995816357476929
13.448965977318212,1.0003067364493656
13.468979319546364,0.9988418031428543
13.488992661774516,1.0003547520061071
13.509006004002668,1.0008336638702973
13.52901934623082,0.9987993214174022
13.549032688458972,1.0011691108625265
13.569046030687124,1.0002987305741786
13.589059372915276,1.0002710609681635
13.609072715143428,1.000351086267423
13.62908605737158,1.00163818608213
13.649099399599733,0.9994193792398385
13.669112741827885,1.000777841104481
13.689126084056037,0.9997430910753446
13.709139426284189,0.9992264664552941
13.729152768512341,1.0011391534453833
13.749166110740493,0.9984157596689981
13.769179452968645,0.9999180487361179
13.789192795196797,1.0001105372019554
13.80920613742495,0.9999182602063986
13.829219479653101,0.9981343182439192
13.849232821881253,1.0019185266293174
13.869246164109406,0.9999125217656725
13.889259506337558,1.0000068256770063
13.90927284856571,0.9997726703127929
13.929286190793862,1.0006540422842598
13.949299533022014,0.9998915582571148
13.969312875250166,0.999086548244109
13.989326217478318,0.9992650190014816
14.00933955970647,1.000390405606901
14.029352901934622,1.000259793480383
14.049366244162774,1.0004485317623384
14.069379586390927,1.0003191633479491
14.089392928619079,1.001566880123449
14.10940627084723,1.0001089388052726
14.129419613075383,1.0007070543209826
14.149432955303535,0.9997001897855678
14.169446297531687,0.9988754052421339
14.18945963975984,1.001027032929579
14.209472981987991,1.0013311711478783
14.229486324216143,1.0005943797979573
14.249499666444295,0.9997554692024334
14.269513008672448,0.9984512374831225
14.2895263509006,0.9992896256546002
14.309539693128752,1.0003471706428513
14.329553035356904,1.000679772421988
14.349566377585056,1.0004350684614134
14.369579719813208,0.9999551834880884
14.38959306204136,0.9999530815197006
14.409606404269512,0.9997934963576546
14.429619746497664,1.000945991318693
14.449633088725816,1.0011951258867298
14.469646430953969,1.0000329112148842
14.48965977318212,1.0005293003184974
14.509673115410273,1.0001604826226096
14.529686457638425,1.0012104421866312
14.549699799866577,0.998897894469238
14.569713142094729,0.9991962950331293
14.589726484322881,1.00030056732561
14.609739826551033,0.9994161388083734
14.629753168779185,0.9997016894013411
14.649766511007337,1.0004798079071882
14.66977985323549,0.998139351788566
14.689793195463642,0.9993777723221906
14.709806537691794,1.0007915155779623
14.729819879919946,0.9788997815156917
14.749833222148098,0.9770998558560343
14.76984656437625,0.975852648040583
14.789859906604402,0.975158158069338
14.809873248832554,0.975016385942299
14.829886591060706,0.9754273316594663
14.849899933288858,0.9763909952208395
14.86991327551701,0.977907376626419
14.889926617745163,1.0009002141707035
14.909939959973315,0.9996180574011766
14.929953302201467,0.9992199295622767
14.949966644429619,1.0009473373571836
14.969979986657771,0.999569533520325
14.989993328885923,1.0007544740356058
15.010006671114075,1.0003820556605354
15.030020013342227,1.0007024393591526
15.05003335557038,1.00049530308907
15.070046697798531,0.9999119201534751
15.090060040026684,1.0009745569752966
15.110073382254836,1.000312235591558
15.130086724482988,1.0018230169309394
15.15010006671114,1.0007122323407243
15.170113408939292,0.9985250766246653
15.190126751167444,0.9993101152724188
15.210140093395596,0.9995121685630165
15.230153435623748,0.9998927193263533
15.2501667778519,1.0008289343588654
15.270180120080052,0.9992172448247839
15.290193462308205,0.9993004766720873
15.310206804536357,0.9981306308845921
15.330220146764509,0.9986210579902474
15.35023348899266,0.9988674347053697
15.370246831220815,1.0009913581688543
15.390260173448967,1.0016441893398815
15.410273515677119,0.9986954656694655
15.430286857905271,1.0001589933272068
15.450300200133423,1.0002254363033045
15.470313542361575,1.0002452001031918
15.490326884589727,0.99902873990779
15.51034022681788,1.0005233885000329
15.530353569046031,0.9994774864259361
15.550366911274184,0.9993517596612453
15.570380253502336,0.9997234740848373
15.590393595730488,1.0020493462138331
15.61040693795864,1.0010284821490163
15.630420280186792,1.0008809263652099
15.650433622414944,0.9983807802669054
15.670446964643096,0.9997639853011723
15.690460306871248,0.9997354515160543
15.7104736490994,0.9998069427768059
15.730486991327552,0.9989500079815845
15.750500333555705,1.000286373876958
15.770513675783857,1.0003834144918147
15.790527018012009,0.9994804284799073
15.81054036024016,1.0010121202581175
15.830553702468313,0.9993570065234063
15.850567044696465,1.0009500960992768
15.870580386924617,1.0003826181558584
15.89059372915277,1.0005337867683695
15.910607071380921,1.0003265824680383
15.930620413609073,0.9999378605624137
15.950633755837226,1.0008339633760912
15.970647098065378,0.9998588620440039
15.99066044029353,1.0007684458636847
16.010673782521682,1.0003302786892336
16.030687124749832,0.999299552756094
16.050700466977986,1.000381268717108
16.070713809206136,0.9997786323460174
16.09072715143429,1.0019136890012263
16.11074049366244,1.0007677099790508
16.130753835890594,0.9987603292042119
16.150767178118745,1.0001641555008358
16.1707805203469,1.000260735141156
16.19079386257505,1.0001773949518729
16.210807204803203,1.0001150078058851
16.230820547031353,1.000240083478085
16.250833889259507,1.0005469860643936
16.270847231487657,1.0005752698630332
16.29086057371581,1.0002176061521422
16.31087391594396,1.0002762525800404
16.330887258172115,1.001164857629413
16.350900600400266,0.999473764099959
16.37091394262842,0.9999900354816832
16.39092728485657,0.9997643894553401
16.410940627084724,0.9999523446090678
16.430953969312874,0.9995198155514016
16.450967311541028,1.0000130578373034
16.47098065376918,0.9995171076888022
16.490993995997332,1.0004724540894492
16.511007338225482,0.9988483136199017
16.531020680453636,0.9992593225579418
16.551034022681787,1.001910709825048
16.57104736490994,1.0000816975289746
16.59106070713809,1.00098797080857
16.611074049366245,1.000025874059515
16.631087391594395,1.0010645248532777
16.65110073382255,1.0000779636712456
16.6711140760507,0.999667055345323
16.691127418278853,1.0000469310173943
16.711140760507003,0.9990807231446314
16.731154102735157,1.0002576504986767
16.751167444963308,0.9994305679127876
16.77118078719146,1.0016218137089345
16.791194129419612,0.9995853165680125
16.811207471647766,0.99919710095045
16.831220813875916,1.0004443294905658
16.85123415610407,1.0009876500776937
16.87124749833222,0.9993407201403197
16.891260840560374,0.9997570346202131
16.911274182788524,0.9998210674192923
16.93128752501668,0.9997503389743606
16.95130086724483,1.0005559870913228
16.971314209472983,0.9997265341334709
16.991327551701133,1.001409813591905
17.011340893929287,0.9992302414604161
17.031354236157437,0.9999000869457753
17.05136757838559,1.0007676720929335
17.07138092061374,0.9996450442001784
17.091394262841895,0.9999286865248601
17.111407605070045,1.0002346145667618
17.1314209472982,1.0000021751451282
17.15143428952635,1.0005489176138975
17.171447631754504,0.9991878589132691
17.191460973982654,0.999103362948568
17.211474316210808,1.000550728796523
17.231487658438958,1.000345028691453
17.251501000667112,1.000006372242744
17.271514342895262,1.0003409500635059
17.291527685123416,0.999891739819666
17.311541027351566,1.0002148096857648
17.33155436957972,1.0000010442521696
17.35156771180787,0.9966764778924322
17.371581054036024,0.9993306290940591
17.391594396264175,0.9986222908579975
17.41160773849233,0.9993859346518639
17.43162108072048,0.9994745635574793
17.451634422948633,0.9993242765435328
17.471647765176783,0.999987041242236
17.491661107404937,1.000672629566396
17.511674449633087,0.9998460206012921
17.53168779186124,1.0010095481014354
17.55170113408939,0.9997415206636467
17.571714476317545,0.9998751380168027
17.591727818545696,0.9989013874693518
17.61174116077385,0.9997297149672925
17.631754503002,1.0016071675316094
17.651767845230154,1.0001705347048309
17.671781187458304,0.9989523616568909
17.691794529686458,1.0002912391130878
17.71180787191461,1.0005488961716593
17.731821214142762,1.0003560559703573
17.751834556370913,1.0007583087307554
17.771847898599066,1.00060022745501
17.791861240827217,1.000567350131902
17.81187458305537,1.0005283189785996
17.83188792528352,0.9996047746253413
17.851901267511675,1.000939048218569
17.871914609739825,0.9991282362402728
17.89192795196798,1.0011492314515316
17.91194129419613,0.9999682432144694
17.931954636424283,0.999179179708656
17.951967978652434,1.0007529088157865
17.971981320880587,0.9993401358642001
17.991994663108738,1.000049851834757
18.01200800533689,0.9996586948994108
18.032021347565042,0.9984873116417394
18.052034689793196,0.9998107759529514
18.072048032021346,1.0006686196812185
18.0920613742495,1.0000017984488527
18.11207471647765,0.9988306989847616
18.132088058705804,0.9990114746957187
18.152101400933955,1.000236943315192
18.17211474316211,1.0001584994717432
18.19212808539026,0.9998775989819912
18.212141427618413,0.9996170161926821
18.232154769846563,0.9997724705817771
18.252168112074717,0.9997894640654907
18.272181454302867,0.9997096640751177
18.29219479653102,0.9995966036195134
18.31220813875917,1.0003188705796529
18.332221480987325,0.9998251607438842
18.352234823215476,1.0006684429523365
18.37224816544363,0.9987548056238338
18.39226150767178,1.0003615809306325
18.412274849899934,0.9997891761996608
18.432288192128084,1.0014853291344343
18.452301534356238,1.0001159541195355
18.472314876584388,0.9982374591818186
18.492328218812542,1.0003331263443311
18.512341561040692,1.0001948569711832
18.532354903268846,0.9999367829723642
18.552368245496996,0.9990392134662486
18.57238158772515,0.9996692658842403
18.5923949299533,0.9997461517037232
18.612408272181455,0.9994809852478344
18.632421614409605,1.0014779553290258
18.65243495663776,1.001009575135733
18.67244829886591,0.9998031762813766
18.692461641094063,1.0005915639036693
18.712474983322213,0.9994254645090052
18.732488325550367,1.0004398057271382
18.752501667778517,0.9998597893997968
18.77251501000667,1.000007334857923
18.79252835223482,1.0007124462411345
18.812541694462976,1.0000917312805435
18.832555036691126,0.9987891751086285
18.85256837891928,1.0001882463078622
18.87258172114743,0.9994610821414829
18.892595063375584,0.9992195440206303
18.912608405603734,0.9995475571539734
18.932621747831888,0.9998969031533494
18.95263509006004,0.9796807850947833
18.972648432288192,0.9776824337290559
18.992661774516343,0.9762368002075347
19.012675116744497,0.9753438845302196
19.032688458972647,0.9750036866971106
19.0527018012008,0.9752162067082077
19.07271514342895,0.9759814445635111
19.092728485657105,0.9772994002630206
19.112741827885255,0.9791700738067358
19.13275517011341,1.000786929997966
19.15276851234156,0.9998172926978913
19.172781854569713,0.9995311325235913
19.192795196797864,0.9997709451663146
19.212808539026017,0.9991266414842579
19.232821881254168,0.9994116121693836
19.25283522348232,1.001937143453586
19.272848565710472,1.0000736178690242
19.292861907938626,0.9995558728718392
19.312875250166776,1.0005680388257043
19.33288859239493,1.00023613870309
19.35290193462308,0.999931425928028
19.372915276851234,0.9997693908183009
19.392928619079385,0.9990792476176537
19.41294196130754,1.0003447987653247
19.43295530353569,1.001480199486119
19.452968645763843,1.000063915107436
19.472981987991993,1.0000781681610527
19.492995330220147,0.9995786599357918
19.513008672448297,1.0004694837175936
19.53302201467645,0.99937407395639
19.5530353569046,0.9987978178244112
19.573048699132755,1.0001940195517305
19.593062041360906,1.0003126689968362
19.61307538358906,1.0006714805957801
19.63308872581721,1.0004282860552405
19.653102068045364,1.000907036908548
19.673115410273514,0.9999068158670487
19.693128752501668,1.0007468185999497
19.713142094729818,1.000147588005417
19.733155436957972,1.000866777024272
19.753168779186122,1.0008589742718241
19.773182121414276,1.0005560582705002
19.793195463642427,1.000890852706849
19.81320880587058,0.9997555416642453
19.83322214809873,0.9998210859467693
19.853235490326885,1.0009228902760723
19.873248832555035,1.0003827127220304
19.89326217478319,1.0003429445825225
19.91327551701134,1.000267530073155
19.933288859239493,1.0002995339774663
19.953302201467643,0.9995044391928403
19.973315543695797,1.0003226440770225
19.993328885923948,1.001600353478745
20.0133422281521,0.9973337192470522
20.03335557038025,0.9996475623187663
20.053368912608406,1.000193884730008
20.073382254836556,1.0001628911824734
20.09339559706471,0.9985054844341489
20.11340893929286,1.0025078358426613
20.133422281521014,0.9990380799832272
20.153435623749164,1.0002864936252043
20.173448965977318,1.0014197326793428
20.19346230820547,0.9984101589625854
20.213475650433622,0.9992445291183601
20.233488992661773,1.0007658135668365
20.253502334889927,0.9980669402725102
20.273515677118077,1.0002542572490103
20.29352901934623,1.000724071334707
20.31354236157438,1.000045899523725
20.333555703802535,1.0011852680602418
20.353569046030685,1.0013087053115046
20.37358238825884,1.0006979235917854
20.39359573048699,0.9990382157552253
20.413609072715143,0.9988122028853261
20.433622414943294,0.9989037306827317
20.453635757171448,0.9999973788148846
20.473649099399598,1.0010860479729855
20.49366244162775,0.9996967451793506
20.513675783855906,1.0011779397922376
20.533689126084056,0.9997693342348972
20.55370246831221,0.9993878495585824
20.57371581054036,0.9997109819130511
20.593729152768514,0.9992434921284943
20.613742494996664,0.9993726938542781
20.633755837224818,0.9996511153549082
20.65376917945297,1.0011488562092519
20.673782521681122,1.0001893944299571
20.693795863909273,1.000323542056918
20.713809206137427,0.9997159329134826
20.733822548365577,1.0003104359023425
20.75383589059373,1.0017888657799172
20.77384923282188,1.0000262092367527
20.793862575050035,0.9991912729862057
20.813875917278185,1.000135753245475
20.83388925950634,0.9997377511636731
20.85390260173449,0.9992923013455145
20.873915943962643,1.0003155407986877
20.893929286190794,1.0007358383960139
20.913942628418948,0.9997122183261808
20.933955970647098,0.999751972590399
20.95396931287525,0.9993417117409923
20.973982655103402,1.0012336886634
20.993995997331556,1.001050053660577
21.014009339559706,0.9999618411968911
21.03402268178786,1.0005270527354224
21.05403602401601,1.0016217536937717
21.074049366244164,1.0011112802309141
21.094062708472315,1.000453985458165
21.11407605070047,1.0006834411258516
21.13408939292862,0.999122991545194
21.154102735156773,1.000573953743379
21.174116077384923,1.0005216418637097
21.194129419613077,1.0013008761336304
21.214142761841227,0.9996341552646795
21.23415610406938,0.9986620070427706
21.25416944629753,1.0000450234732072
21.274182788525685,0.9996786901036392
21.294196130753836,1.0000126444688093
21.31420947298199,0.9994913532805406
21.33422281521014,1.0007786781498162
21.354236157438294,0.9997947887172064
21.374249499666444,1.0004401340530416
21.394262841894598,1.0000394300793654
21.41427618412275,1.0001376272834088
21.434289526350902,0.9989267892594065
21.454302868579052,1.0001479265259297
21.474316210807206,0.9992774702179672
21.494329553035357,1.0007012849659673
21.51434289526351,1.0008568868917054
21.53435623749166,0.9984299588395891
21.554369579719815,0.9998082547946548
21.574382921947965,1.0008400860951028
21.59439626417612,0.99904267169961
21.61440960640427,1.0003130654684518
21.634422948632423,1.0011923929502284
21.654436290860573,1.0000800918816553
21.674449633088727,0.9989765555575495
21.694462975316878,1.0007635695033152
21.71447631754503,1.00034272231013
21.734489659773182,1.000592477820638
21.754503002001336,0.9995943650264817
21.774516344229486,1.001014680660803
21.79452968645764,0.9997628404393453
21.81454302868579,1.0006924145886074
21.834556370913944,0.9996170745242572
21.854569713142094,0.9995778992013946
21.87458305537025,1.000193151160078
21.8945963975984,0.9996497826001676
21.914609739826552,1.0010589248299309
21.934623082054703,1.000214915918126
21.954636424282857,0.9995717215707576
21.974649766511007,0.9989198879162577
21.99466310873916,1.0001911781706345
22.01467645096731,0.9999683586440528
22.034689793195465,0.9999084888739972
22.054703135423615,1.0003263872342905
22.07471647765177,0.9995405555833508
22.09472981987992,1.0014853900332952
22.114743162108073,0.9994723884383266
22.134756504336224,0.9996667817869886
22.154769846564378,0.9994648772712631
22.174783188792528,1.000835394367157
22.194796531020682,1.0004520521802225
22.214809873248832,0.9996222215268531
22.234823215476986,1.0000629178389007
22.254836557705136,0.9990644632439343
22.27484989993329,0.998747188855774
22.29486324216144,0.9996965032473084
22.314876584389594,1.000851628552419
22.334889926617745,1.0004749851756498
22.3549032688459,0.999593888155575
22.37491661107405,1.0007295978808501
22.394929953302203,1.0002299423667476
22.414943295530353,1.0023722798302568
22.434956637758507,0.9996618161382084
22.454969979986657,0.9998566583780774
22.47498332221481,0.9992200549058692
22.49499666444296,0.9996248020432816
22.515010006671115,1.0005528234450585
22.535023348899266,1.00097937744677
22.55503669112742,0.9996169504716937
22.57505003335557,1.000296180689226
22.595063375583724,0.9998894029203196
22.615076717811874,0.9997603412309486
22.635090060040028,1.0004569092994873
22.65510340226818,0.9999138900719682
22.675116744496332,0.9994844729233732
22.695130086724483,0.998805119122898
22.715143428952636,0.9988243303632814
22.735156771180787,0.9999915147668995
22.75517011340894,1.0007233726184876
22.77518345563709,1.0004872322556408
22.795196797865245,1.0001054335102304
22.815210140093395,0.9995658598790109
22.83522348232155,1.0001843572135316
22.8552368245497,1.0006715005847098
22.875250166777853,1.0010015860986397
22.895263509006003,0.9997286328983487
22.915276851234157,0.9993094551200054
22.935290193462308,1.0006090222000088
22.95530353569046,0.9996119362463917
22.975316877918612,1.0017878635207096
22.995330220146766,0.9998576643114094
23.015343562374916,0.9999785294198862
23.03535690460307,1.0000118083101024
23.05537024683122,1.0001795566350264
23.075383589059374,1.000579306515188
23.095396931287524,1.0007166139503878
23.11541027351568,0.9998272097225767
23.13542361574383,0.9987163292142893
23.155436957971983,0.9998651708446102
23.175450300200133,1.0001778455256876
23.195463642428287,0.9783362464305565
23.215476984656437,0.9766921872029652
23.23549032688459,0.9756008458195802
23.25550366911274,0.9750622222804013
23.275517011340895,0.9750763165854285
23.295530353569045,0.9756431287346619
23.3155436957972,0.9767626587281013
23.33555703802535,0.9784349065657466
23.355570380253504,1.0003383714954734
23.375583722481654,0.9999652374668914
23.395597064709808,0.9991261345269989
23.415610406937958,1.0001067494177531
23.435623749166112,0.9999540920609788
23.455637091394262,0.9995743475176017
23.475650433622416,0.9999781549629398
23.495663775850566,1.0010108438472385
23.51567711807872,0.9997325536086418
23.53569046030687,1.000405239292614
23.555703802535024,1.0015213618474803
23.575717144763175,0.9994660779605234
23.59573048699133,1.0007344831752363
23.61574382921948,1.0004521012453516
23.635757171447633,1.0010020967814126
23.655770513675783,0.9986903799960244
23.675783855903937,1.0000189903177468
23.695797198132087,1.001076264002907
23.71581054036024,0.9999569791171486
23.73582388258839,0.9996619033211779
23.755837224816545,1.000610001859406
23.775850567044696,0.9984270653229353
23.79586390927285,0.9998928524197096
23.815877251501,1.0005220060901185
23.835890593729154,0.9995225864913724
23.855903935957304,1.0023586236187492
23.875917278185458,0.9994818103095147
23.89593062041361,1.0001610740756748
23.915943962641762,0.9999681148051804
23.935957304869913,1.0010499498873013
23.955970647098066,1.0002702578306488
23.975983989326217,0.9990070400302841
23.99599733155437,1.0001271886077652
24.01601067378252,1.0003328513431442
24.036024016010675,1.0015038957040587
24.056037358238825,1.0010724189457576
24.07605070046698,1.0002625159498286
24.09606404269513,1.0002013143371773
24.116077384923283,0.9981597421997381
24.136090727151434,1.0011529305651856
24.156104069379587,0.9980090369546001
24.176117411607738,1.000017165816708
24.19613075383589,1.0003758821808526
24.216144096064042,0.9991942488040323
24.236157438292196,0.999261386728174
24.256170780520346,1.0015222576120195
24.2761841227485,1.0002877433341242
24.29619746497665,1.0005514959618178
24.316210807204804,1.0004395874407475
24.336224149432955,0.9997128502918482
24.35623749166111,1.0002903084655894
24.37625083388926,0.999303496506047
24.396264176117413,1.0002079504940125
24.416277518345563,0.9989113516069345
24.436290860573717,1.000012089109229
24.456304202801867,1.0005113887319246
24.47631754503002,1.0000688513071665
24.49633088725817,1.0001691844931992
24.516344229486325,1.001097449309868
24.536357571714476,0.9998937749997983
24.55637091394263,1.0007374240452411
24.57638425617078,0.9991906814003048
24.596397598398934,0.9996264297700614
24.616410940627084,0.9993234298592001
24.636424282855238,1.0001827747572727
24.656437625083388,0.9999807743005547
24.676450967311542,1.001213472199327
24.696464309539692,1.0001421412181293
24.716477651767846,1.0014243049439988
24.736490993995996,0.9999120871744085
24.75650433622415,0.9992033857855436
24.7765176784523,0.9995719783711343
24.796531020680455,0.9993855055036172
24.816544362908605,1.0000235154249522
24.83655770513676,0.9998328946770055
24.85657104736491,0.999802871603061
24.876584389593063,0.9993296148106882
24.896597731821213,0.9997702917741322
24.916611074049367,0.9998023886592847
24.936624416277517,0.9999510791898011
24.95663775850567,1.0000087258324546
24.97665110073382,1.0009060881414815
24.996664442961976,0.9992104502032962
25.016677785190126,1.0001875097921322
25.03669112741828,0.9987831598735828
25.05670446964643,0.9991082656917207
25.076717811874584,0.9989528939162318
25.096731154102734,1.0009040928258972
25.116744496330888,0.9995558155572922
25.13675783855904,1.0005218925039676
25.156771180787192,0.9993618548573117
25.176784523015343,0.9999416911263067
25.196797865243497,0.9997295571160224
25.216811207471647,1.001055321194098
25.2368245496998,0.9986538639075745
25.25683789192795,0.9991365890424334
25.276851234156105,1.0015100876139902
25.296864576384255,1.0001803546060763
25.31687791861241,0.9992999718653374
25.33689126084056,1.0000685618941816
25.356904603068713,1.0005970277133576
25.376917945296864,1.0002097534584202
25.396931287525017,1.0003593866210276
25.416944629753168,1.000348757537038
25.43695797198132,0.9985547016373696
25.456971314209472,1.0001152776559195
25.476984656437626,1.000517978162246
25.496997998665776,1.0003615811835729
25.51701134089393,0.9986866584293542
25.53702468312208,1.000012145562765
25.557038025350234,0.9996202116499593
25.577051367578385,0.999151690691627
25.59706470980654,0.9994475932732879
25.61707805203469,0.9996880485938437
25.637091394262843,0.9991401792294029
25.657104736490993,0.9995122786931957
25.677118078719147,0.9989733012175911
25.697131420947297,1.0001427706178563
25.71714476317545,0.9993881084237755
25.7371581054036,1.0009599917892253
25.757171447631755,0.9992438266904458
25.777184789859906,1.0005690590022254
25.79719813208806,0.9989023105694439
25.81721147431621,1.000165873319542
25.837224816544364,0.999857677029449
25.857238158772514,0.9993382833440461
25.877251501000668,1.0008738915263993
25.897264843228818,0.9998704488817588
25.917278185456972,1.0014681402623957
25.937291527685122,0.9999155007010024
25.957304869913276,1.0001019504970619
25.977318212141427,1.0000590999261518
25.99733155436958,0.9989622032616643
26.01734489659773,0.999910027117995
26.037358238825885,1.0015638028365843
26.057371581054035,0.998763078874413
26.07738492328219,0.9987202475934877
26.09739826551034,0.9994261123427093
26.117411607738493,0.9995658935974541
26.137424949966643,1.0002888576991107
26.157438292194797,0.9996743652145574
26.177451634422948,1.0000954384157246
26.1974649766511,1.0014358303217747
26.21747831887925,0.9993414688983813
26.237491661107406,1.0011156610241114
26.257505003335556,0.9997203229598383
26.27751834556371,1.0022321283237166
26.29753168779186,0.9995713015037242
26.317545030020014,0.9987321020610175
26.337558372248164,1.000873126966919
26.357571714476318,1.001720734822857
26.37758505670447,0.9997741766552216
26.397598398932622,1.0020023545280075
26.417611741160773,0.9990237626425
26.437625083388927,0.9995798700509284
26.457638425617077,1.0002113354505608
26.47765176784523,0.9998789202671012
26.49766511007338,0.9992355907076425
26.517678452301535,0.9996788372193237
26.537691794529685,0.9995358131231358
26.55770513675784,1.0011801842534338
26.57771847898599,1.0003395502337609
26.597731821214143,1.0008584001503347
26.617745163442294,0.9995622419586491
26.637758505670448,0.9987780613955907
26.657771847898598,1.0015462394025423
26.67778519012675,0.999860060758829
26.697798532354902,1.0001207789733437
26.717811874583056,1.0009401536504938
26.737825216811206,1.000953967289259
26.75783855903936,0.9989870946259104
26.77785190126751,1.0018271693494978
26.797865243495664,1.0003106726425566
26.817878585723815,0.9993170929305072
26.83789192795197,1.000033221225656
26.85790527018012,0.9989856096477294
26.877918612408273,1.000375525040814
26.897931954636423,1.0017367592763788
26.917945296864577,0.9997327495738766
26.937958639092727,1.0012008148720533
26.95797198132088,1.0003585268578445
26.97798532354903,0.999474635714244
26.997998665777185,1.0003271815943284
27.018012008005336,0.9993414175866182
27.03802535023349,0.9994641176536583
27.05803869246164,1.0007298714227948
27.078052034689794,1.0000965738744296
27.098065376917944,1.0000630915400073
27.118078719146098,0.9994302003453772
27.13809206137425,1.0006203993552336
27.158105403602402,0.9981094280571806
27.178118745830552,0.9997105781131218
27.198132088058706,0.9998144352124624
27.218145430286857,1.0011129004841455
27.23815877251501,0.9989522583644316
27.25817211474316,0.9985647412763833
27.278185456971315,1.0002282782859755
27.298198799199465,1.0007728341436806
27.31821214142762,0.9989488285324605
27.33822548365577,0.9988639405614279
27.358238825883923,0.9995307500103516
27.378252168112073,1.0009461847451093
27.398265510340227,0.9992695985682237
27.418278852568378,0.9790612939605366
27.43829219479653,0.977218809026875
27.458305537024682,0.9759290419374201
27.478318879252836,0.975191992692171
27.498332221480986,0.9750076612911283
27.51834556370914,0.9753760477342915
27.53835890593729,0.976297152021661
27.558372248165444,0.9777709741532365
27.578385590393594,0.9797975141290183
27.59839893262175,1.000583603106002
27.6184122748499,0.9991712966282787
27.638425617078052,0.9995159970162955
27.658438959306203,1.0001946096555012
27.678452301534357,1.0016305111688497
27.698465643762507,1.0007669350210011
27.71847898599066,0.998990045159478
27.73849232821881,1.0005757083024256
27.758505670446965,1.0000506804279674
27.778519012675115,1.0010934210757496
27.79853235490327,1.0019306727101007
27.81854569713142,1.000265895521445
27.838559039359573,1.0006890761936955
27.858572381587724,0.9999861891802431
27.878585723815878,0.999090538559846
27.898599066044028,1.0009076082368658
27.918612408272182,0.9993508737780864
27.938625750500332,0.9987582469339876
27.958639092728486,1.0000692397809827
27.978652434956636,0.9998182207560775
27.99866577718479,0.9995388180512205
28.01867911941294,0.9998265438944098
28.038692461641094,1.000823882206723
28.058705803869245,0.9989986879789726
28.0787191460974,1.0015160618351686
28.09873248832555,1.0002281361927103
28.118745830553703,1.0006965695243186
28.138759172781853,1.000951017546614
28.158772515010007,1.0007593496861535
28.178785857238157,0.9988549036676041
28.19879919946631,0.9990745235791687
28.21881254169446,0.9990260095890209
28.238825883922615,1.0002838026179526
28.258839226150766,1.0008005538731555
28.27885256837892,1.0000096546501915
28.29886591060707,1.0001459678084146
28.318879252835224,0.9996089235484176
28.338892595063374,1.0005826833365072
28.358905937291528,1.000856812060638
28.37891927951968,1.001393408847383
28.398932621747832,0.9990899112115604
28.418945963975982,0.9991837541571325
28.438959306204136,0.9996725094107862
28.458972648432287,0.9993676162582983
28.47898599066044,1.0002994696353624
28.49899933288859,0.9991854750982596
28.519012675116745,1.0002994433203318
28.539026017344895,0.9994273890335493
28.55903935957305,0.9999607182290499
28.5790527018012,0.9991293698530258
28.599066044029353,1.0006838839976386
28.619079386257503,0.9999474945023513
28.639092728485657,0.9997355712625176
28.659106070713808,1.0001238688743432
28.67911941294196,0.999583678571368
28.699132755170112,1.0023112926690734
28.719146097398266,1.0012101820060813
28.739159439626416,0.9997214218290396
28.75917278185457,0.9998392775620901
28.77918612408272,0.9998912985985757
28.799199466310874,0.9991406093825566
28.819212808539024,1.0007318039878867
28.83922615076718,1.0008904661534412
28.85923949299533,0.9994971595242759
28.879252835223483,0.9996048859566695
28.899266177451633,1.0004314676719523
28.919279519679787,0.9999659755315838
28.939292861907937,1.0001749987075215
28.95930620413609,1.0013472248421054
28.97931954636424,1.0008312067125387
28.999332888592395,0.9986798308858928
29.019346230820545,0.9996307863099012
29.0393595730487,0.9995753899638082
29.05937291527685,1.0008359771855702
29.079386257505003,1.0003918063425066
29.099399599733154,1.0005281552905465
29.119412941961308,0.9995358293132727
29.139426284189458,0.9984750086541506
29.159439626417612,1.0006649339665108
29.179452968645762,1.0005819818464412
29.199466310873916,1.0012878145069835
29.219479653102066,1.0006460109558222
29.23949299533022,0.9992838074657878
29.25950633755837,0.9997517862883745
29.279519679786524,0.9997106556272566
29.299533022014675,0.9992360889502642
29.31954636424283,1.000160781378763
29.33955970647098,1.0022815547077355
29.359573048699133,0.99973831393555
29.379586390927283,0.9995376552967448
29.399599733155437,0.9995811055711252
29.419613075383587,0.9993704582075256
29.43962641761174,0.9998591532697108
29.45963975983989,0.9995435144259163
29.479653102068045,1.0012541864289524
29.499666444296196,1.0007939241899453
29.51967978652435,1.0001953264043237
29.5396931287525,0.9991901580871285
29.559706470980654,0.9988297840765678
29.579719813208804,1.0007803562041282
29.599733155436958,1.000771757929835
29.61974649766511,0.9999497514276183
29.639759839893262,0.9993713107148349
29.659773182121413,0.9997741486931434
29.679786524349566,1.0001564932027973
29.699799866577717,1.0001954801925736
29.71981320880587,0.9990930646297836
29.73982655103402,0.9981741313505178
29.759839893262175,0.9984081444002386
29.779853235490325,0.999526895075033
29.79986657771848,0.9996731772733118
29.81987991994663,0.9998536154750995
29.839893262174783,0.9988262908527233
29.859906604402934,0.9997025201351554
29.879919946631087,0.9992453422083537
29.899933288859238,1.000103664182802
29.91994663108739,1.0020265555631132
29.939959973315542,0.9993194484034271
29.959973315543696,1.0007256828975228
29.979986657771846,0.9989959124268589
30.0,0.9998428450479925
